<?xml version="1.0" encoding="UTF-8"?>
<beans xmlns="http://www.springframework.org/schema/beans"
       xmlns:xsi="http://www.w3.org/2001/XMLSchema-instance" xmlns:p="http://www.springframework.org/schema/p"
       xmlns:context="http://www.springframework.org/schema/context"
       xmlns:mvc="http://www.springframework.org/schema/mvc" xmlns:tx="http://www.springframework.org/schema/tx"
       xmlns:aop="http://www.springframework.org/schema/aop"
       xsi:schemaLocation="http://www.springframework.org/schema/beans
                        http://www.springframework.org/schema/beans/spring-beans-3.1.xsd
                        http://www.springframework.org/schema/context
                        http://www.springframework.org/schema/context/spring-context-3.1.xsd
                        http://www.springframework.org/schema/mvc
                        http://www.springframework.org/schema/mvc/spring-mvc-4.0.xsd http://www.springframework.org/schema/tx http://www.springframework.org/schema/tx/spring-tx.xsd http://www.springframework.org/schema/aop http://www.springframework.org/schema/aop/spring-aop.xsd">
    <!-- 自动扫描 -->
    <context:component-scan base-package="com.cc.mapper" >
        <context:exclude-filter type="annotation" expression="org.springframework.stereotype.Controller"/>
    </context:component-scan>


    <!-- 引入数据库相关的配置文件 -->
    <context:property-placeholder location="classpath:db.properties"/>
    <bean id="dataSource"
          class="com.mchange.v2.c3p0.ComboPooledDataSource">

        <property name="driverClass" value="${jdbc.driver}" />
        <property name="jdbcUrl" value="${jdbc.url}" />
        <property name="user" value="${jdbc.username}" />
        <property name="password" value="${jdbc.password}" />

        <!--c3p0连接池私有属性-->

        <!-- 连接池最大数量-->
        <property name="maxPoolSize" value="30"></property>
        <!-- 连接池最小数量 -->
        <property name="minPoolSize" value="10"></property>
        <!--关闭连接后不自动commit-->
        <property name="autoCommitOnClose" value="false"/>
        <!--获取连接超时时间-->
        <property name="checkoutTimeout" value="100000"/>
        <!--当获取连接失败重试次数-->
        <property name="acquireRetryAttempts" value="2"/>
    </bean>

    <!-- spring和MyBatis完美整合，不需要mybatis的配置映射文件 -->
    <bean id="sqlSessionFactory" class="org.mybatis.spring.SqlSessionFactoryBean">
        <property name="dataSource" ref="dataSource" />
        <!--引入mappers文件-->
        <!-- 自动扫描mapping.xml文件 ,必须在com/cc/mapper/文件夹下 -->
        <property name="mapperLocations" value="classpath:com/cc/mapper/*.xml"></property>
        <property name="configuration">
            <!---->
            <bean class="org.apache.ibatis.session.Configuration">
                <!-- 可以加入驼峰命名，其他mybatis配置也就是mybatis.cfg.xml的配置文件会转移到这里来-->
                <property name="mapUnderscoreToCamelCase" value="true"/>
            </bean>
        </property>

        <!--插件配置-->
        <property name="plugins">
            <array>
                <!--分页插件的配置，拦截器实现分页功能-->
                <bean class="com.github.pagehelper.PageInterceptor">
                    <!--如果不理解，去掉下边的配置-->
                    <property name="properties">
                        <value>
                            helperDialog=mysql
                            reasonable=true
                            supportMethodArgument=true
                            params=count=countSql
                            autoRuntimeDialect=true
                        </value>
                    </property>
                </bean>
            </array>
        </property>
    </bean>

    <!-- 持久层借口 -->
    <bean class="org.mybatis.spring.mapper.MapperScannerConfigurer">
        <property name="basePackage" value="com.cc.mapper" />
        <property name="sqlSessionFactoryBeanName" value="sqlSessionFactory"></property>
    </bean>

    <!-- (事务管理)transaction manager, use JtaTransactionManager for global tx -->
    <bean id="transactionManager"
          class="org.springframework.jdbc.datasource.DataSourceTransactionManager">
        <property name="dataSource" ref="dataSource" />
    </bean>

    <!--确定事务层的策略，transaction-manager指向上边的transactionManager -->
    <tx:advice transaction-manager="transactionManager" id="transactionAdvice">
        <!-- 事务管理的相关值以及它的传播性 -->
        <tx:attributes>
            <!--查询相关配置为只读，select开头或 get 或 query-->
            <tx:method name="select*" read-only="true"/>
            <tx:method name="get*" read-only="true"/>
            <tx:method name="query*" read-only="true"/>
            <tx:method name="delete*" propagation="REQUIRED" rollback-for="Exception"/>
            <tx:method name="update*" propagation="REQUIRED" rollback-for="Exception"/>
            <tx:method name="insert*" propagation="REQUIRED" rollback-for="Exception"/>
            <tx:method name="add*" propagation="REQUIRED" rollback-for="Exception"/>
        </tx:attributes>
    </tx:advice>

    <!--使用aop对事务管理的范围进行切入  明确几个点：！对哪些地方需要进行事务的管理，execution的书写，明确边界
    2.使用什么策略去管理策略 我们使用了tx：advice全部书写于其中，在我们的aop的advice当中只需要去引用这个事务管理者的建议即可-->
    <aop:config>
        <aop:pointcut id="txCut" expression="execution(* com.cc.service..*.*(..))"/>
        <aop:advisor advice-ref="transactionAdvice" pointcut-ref="txCut"/>
    </aop:config>


    <!--采用注解进行事务配置，请在Service方法的实现类上面加上@Transactional注解-->
    <tx:annotation-driven transaction-manager="transactionManager"/>
</beans>