<?xml version="1.0" encoding="UTF-8"?>
<beans xmlns="http://www.springframework.org/schema/beans"
       xmlns:context="http://www.springframework.org/schema/context"
       xmlns:xsi="http://www.w3.org/2001/XMLSchema-instance"
       xmlns:mvc="http://www.springframework.org/schema/mvc"
       xsi:schemaLocation="http://www.springframework.org/schema/beans
       http://www.springframework.org/schema/beans/spring-beans.xsd
       http://www.springframework.org/schema/context
       http://www.springframework.org/schema/context/spring-context.xsd
       http://www.springframework.org/schema/mvc
       http://www.springframework.org/schema/mvc/spring-mvc.xsd">

    <!--
    启动注解
    排除了service注解
    -->
    <context:component-scan base-package="com.cc">
        <context:exclude-filter type="annotation" expression="org.springframework.stereotype.Service"/>
    </context:component-scan>

    <!--配置视图解析器
    常用的内部资源视图解析器
    -->
    <bean class="org.springframework.web.servlet.view.InternalResourceViewResolver">
        <!--1.前缀-->
        <property name="prefix" value="/"></property>

        <!--2.后缀-->
        <property name="suffix" value=".jsp"></property>

    </bean>

    <!--mvc驱动-->
    <mvc:annotation-driven>

    </mvc:annotation-driven>

    <!--文件上传解析器
    id必须为multipartResolver，原因是源代码写死了
    -->
    <bean id="multipartResolver" class="org.springframework.web.multipart.commons.CommonsMultipartResolver">
        <!--定义最大上传大小-->
        <property name="maxUploadSize" value="1024000000"></property>
        <!--指定上传的编码-->
        <property name="defaultEncoding" value="UTF-8"></property>
        <!--单个文件最大上传大小-->
        <property name="maxUploadSizePerFile" value="2000000000"></property>
    </bean>



    <!--静态资源处理,默认的servlet处理者-->
    <mvc:default-servlet-handler/>

</beans>